freq,unit,s_adj,na_item,geo,time,value
Quarterly,"Index, 2020=100",Seasonally and calendar adjusted data,Real labour productivity per person,Euro area – 20 countries (from 2023),2019-01-01,105.084
Quarterly,"Index, 2020=100",Seasonally and calendar adjusted data,Real labour productivity per person,Euro area – 20 countries (from 2023),2019-04-01,105.106
Quarterly,"Index, 2020=100",Seasonally and calendar adjusted data,Real labour productivity per person,Euro area – 20 countries (from 2023),2019-07-01,105.128
Quarterly,"Index, 2020=100",Seasonally and calendar adjusted data,Real labour productivity per person,Euro area – 20 countries (from 2023),2019-10-01,104.94
Quarterly,"Index, 2020=100",Seasonally and calendar adjusted data,Real labour productivity per person,Euro area – 20 countries (from 2023),2020-01-01,101.681
Quarterly,"Index, 2020=100",Seasonally and calendar adjusted data,Real labour productivity per person,Euro area – 20 countries (from 2023),2020-04-01,93.031
Quarterly,"Index, 2020=100",Seasonally and calendar adjusted data,Real labour productivity per person,Euro area – 20 countries (from 2023),2020-07-01,102.751
Quarterly,"Index, 2020=100",Seasonally and calendar adjusted data,Real labour productivity per person,Euro area – 20 countries (from 2023),2020-10-01,102.537
Quarterly,"Index, 2020=100",Seasonally and calendar adjusted data,Real labour productivity per person,Euro area – 20 countries (from 2023),2021-01-01,103.26
Quarterly,"Index, 2020=100",Seasonally and calendar adjusted data,Real labour productivity per person,Euro area – 20 countries (from 2023),2021-04-01,104.66
Quarterly,"Index, 2020=100",Seasonally and calendar adjusted data,Real labour productivity per person,Euro area – 20 countries (from 2023),2021-07-01,105.254
Quarterly,"Index, 2020=100",Seasonally and calendar adjusted data,Real labour productivity per person,Euro area – 20 countries (from 2023),2021-10-01,105.519
Quarterly,"Index, 2020=100",Seasonally and calendar adjusted data,Real labour productivity per person,Euro area – 20 countries (from 2023),2022-01-01,105.553
Quarterly,"Index, 2020=100",Seasonally and calendar adjusted data,Real labour productivity per person,Euro area – 20 countries (from 2023),2022-04-01,105.96
Quarterly,"Index, 2020=100",Seasonally and calendar adjusted data,Real labour productivity per person,Euro area – 20 countries (from 2023),2022-07-01,106.28
Quarterly,"Index, 2020=100",Seasonally and calendar adjusted data,Real labour productivity per person,Euro area – 20 countries (from 2023),2022-10-01,105.744
Quarterly,"Index, 2020=100",Seasonally and calendar adjusted data,Real labour productivity per person,Euro area – 20 countries (from 2023),2023-01-01,105.293
Quarterly,"Index, 2020=100",Seasonally and calendar adjusted data,Real labour productivity per person,Euro area – 20 countries (from 2023),2023-04-01,105.082
Quarterly,"Index, 2020=100",Seasonally and calendar adjusted data,Real labour productivity per person,Euro area – 20 countries (from 2023),2023-07-01,104.865
Quarterly,"Index, 2020=100",Seasonally and calendar adjusted data,Real labour productivity per person,Euro area – 20 countries (from 2023),2023-10-01,104.519
Quarterly,"Index, 2020=100",Seasonally and calendar adjusted data,Real labour productivity per person,Euro area – 20 countries (from 2023),2024-01-01,104.585
Quarterly,"Index, 2020=100",Seasonally and calendar adjusted data,Real labour productivity per person,Euro area – 20 countries (from 2023),2024-04-01,104.629
Quarterly,"Index, 2020=100",Seasonally and calendar adjusted data,Real labour productivity per person,Euro area – 20 countries (from 2023),2024-07-01,104.841
Quarterly,"Index, 2020=100",Seasonally and calendar adjusted data,Real labour productivity per person,Euro area – 20 countries (from 2023),2024-10-01,104.955
Quarterly,"Index, 2020=100",Seasonally and calendar adjusted data,Real labour productivity per person,Euro area – 20 countries (from 2023),2025-01-01,104.979
Quarterly,"Index, 2020=100",Seasonally and calendar adjusted data,Real labour productivity per person,Germany,2019-01-01,104.018
Quarterly,"Index, 2020=100",Seasonally and calendar adjusted data,Real labour productivity per person,Germany,2019-04-01,103.837
Quarterly,"Index, 2020=100",Seasonally and calendar adjusted data,Real labour productivity per person,Germany,2019-07-01,104.021
Quarterly,"Index, 2020=100",Seasonally and calendar adjusted data,Real labour productivity per person,Germany,2019-10-01,103.812
Quarterly,"Index, 2020=100",Seasonally and calendar adjusted data,Real labour productivity per person,Germany,2020-01-01,101.466
Quarterly,"Index, 2020=100",Seasonally and calendar adjusted data,Real labour productivity per person,Germany,2020-04-01,93.688
Quarterly,"Index, 2020=100",Seasonally and calendar adjusted data,Real labour productivity per person,Germany,2020-07-01,101.922
Quarterly,"Index, 2020=100",Seasonally and calendar adjusted data,Real labour productivity per person,Germany,2020-10-01,102.923
Quarterly,"Index, 2020=100",Seasonally and calendar adjusted data,Real labour productivity per person,Germany,2021-01-01,101.851
Quarterly,"Index, 2020=100",Seasonally and calendar adjusted data,Real labour productivity per person,Germany,2021-04-01,104.189
Quarterly,"Index, 2020=100",Seasonally and calendar adjusted data,Real labour productivity per person,Germany,2021-07-01,103.705
Quarterly,"Index, 2020=100",Seasonally and calendar adjusted data,Real labour productivity per person,Germany,2021-10-01,103.987
Quarterly,"Index, 2020=100",Seasonally and calendar adjusted data,Real labour productivity per person,Germany,2022-01-01,103.716
Quarterly,"Index, 2020=100",Seasonally and calendar adjusted data,Real labour productivity per person,Germany,2022-04-01,103.4
Quarterly,"Index, 2020=100",Seasonally and calendar adjusted data,Real labour productivity per person,Germany,2022-07-01,103.831
Quarterly,"Index, 2020=100",Seasonally and calendar adjusted data,Real labour productivity per person,Germany,2022-10-01,103.055
Quarterly,"Index, 2020=100",Seasonally and calendar adjusted data,Real labour productivity per person,Germany,2023-01-01,102.96
Quarterly,"Index, 2020=100",Seasonally and calendar adjusted data,Real labour productivity per person,Germany,2023-04-01,102.642
Quarterly,"Index, 2020=100",Seasonally and calendar adjusted data,Real labour productivity per person,Germany,2023-07-01,102.791
Quarterly,"Index, 2020=100",Seasonally and calendar adjusted data,Real labour productivity per person,Germany,2023-10-01,102.332
Quarterly,"Index, 2020=100",Seasonally and calendar adjusted data,Real labour productivity per person,Germany,2024-01-01,102.489
Quarterly,"Index, 2020=100",Seasonally and calendar adjusted data,Real labour productivity per person,Germany,2024-04-01,102.168
Quarterly,"Index, 2020=100",Seasonally and calendar adjusted data,Real labour productivity per person,Germany,2024-07-01,102.389
Quarterly,"Index, 2020=100",Seasonally and calendar adjusted data,Real labour productivity per person,Germany,2024-10-01,102.21
Quarterly,"Index, 2020=100",Seasonally and calendar adjusted data,Real labour productivity per person,Germany,2025-01-01,102.647
Quarterly,"Index, 2020=100",Seasonally and calendar adjusted data,Real labour productivity per person,France,2019-01-01,108.456
Quarterly,"Index, 2020=100",Seasonally and calendar adjusted data,Real labour productivity per person,France,2019-04-01,108.63
Quarterly,"Index, 2020=100",Seasonally and calendar adjusted data,Real labour productivity per person,France,2019-07-01,108.359
Quarterly,"Index, 2020=100",Seasonally and calendar adjusted data,Real labour productivity per person,France,2019-10-01,107.37
Quarterly,"Index, 2020=100",Seasonally and calendar adjusted data,Real labour productivity per person,France,2020-01-01,101.844
Quarterly,"Index, 2020=100",Seasonally and calendar adjusted data,Real labour productivity per person,France,2020-04-01,91.382
Quarterly,"Index, 2020=100",Seasonally and calendar adjusted data,Real labour productivity per person,France,2020-07-01,103.861
Quarterly,"Index, 2020=100",Seasonally and calendar adjusted data,Real labour productivity per person,France,2020-10-01,102.914
Quarterly,"Index, 2020=100",Seasonally and calendar adjusted data,Real labour productivity per person,France,2021-01-01,102.864
Quarterly,"Index, 2020=100",Seasonally and calendar adjusted data,Real labour productivity per person,France,2021-04-01,103.487
Quarterly,"Index, 2020=100",Seasonally and calendar adjusted data,Real labour productivity per person,France,2021-07-01,105.206
Quarterly,"Index, 2020=100",Seasonally and calendar adjusted data,Real labour productivity per person,France,2021-10-01,105.005
Quarterly,"Index, 2020=100",Seasonally and calendar adjusted data,Real labour productivity per person,France,2022-01-01,104.252
Quarterly,"Index, 2020=100",Seasonally and calendar adjusted data,Real labour productivity per person,France,2022-04-01,104.306
Quarterly,"Index, 2020=100",Seasonally and calendar adjusted data,Real labour productivity per person,France,2022-07-01,104.561
Quarterly,"Index, 2020=100",Seasonally and calendar adjusted data,Real labour productivity per person,France,2022-10-01,104.367
Quarterly,"Index, 2020=100",Seasonally and calendar adjusted data,Real labour productivity per person,France,2023-01-01,103.953
Quarterly,"Index, 2020=100",Seasonally and calendar adjusted data,Real labour productivity per person,France,2023-04-01,104.509
Quarterly,"Index, 2020=100",Seasonally and calendar adjusted data,Real labour productivity per person,France,2023-07-01,104.47
Quarterly,"Index, 2020=100",Seasonally and calendar adjusted data,Real labour productivity per person,France,2023-10-01,104.75
Quarterly,"Index, 2020=100",Seasonally and calendar adjusted data,Real labour productivity per person,France,2024-01-01,104.637
Quarterly,"Index, 2020=100",Seasonally and calendar adjusted data,Real labour productivity per person,France,2024-04-01,104.864
Quarterly,"Index, 2020=100",Seasonally and calendar adjusted data,Real labour productivity per person,France,2024-07-01,105.282
Quarterly,"Index, 2020=100",Seasonally and calendar adjusted data,Real labour productivity per person,France,2024-10-01,105.316
Quarterly,"Index, 2020=100",Seasonally and calendar adjusted data,Real labour productivity per person,France,2025-01-01,105.551
Quarterly,"Index, 2020=100",Seasonally and calendar adjusted data,Real labour productivity per person,Italy,2019-01-01,107.93
Quarterly,"Index, 2020=100",Seasonally and calendar adjusted data,Real labour productivity per person,Italy,2019-04-01,107.827
Quarterly,"Index, 2020=100",Seasonally and calendar adjusted data,Real labour productivity per person,Italy,2019-07-01,107.358
Quarterly,"Index, 2020=100",Seasonally and calendar adjusted data,Real labour productivity per person,Italy,2019-10-01,107.353
Quarterly,"Index, 2020=100",Seasonally and calendar adjusted data,Real labour productivity per person,Italy,2020-01-01,101.225
Quarterly,"Index, 2020=100",Seasonally and calendar adjusted data,Real labour productivity per person,Italy,2020-04-01,91.652
Quarterly,"Index, 2020=100",Seasonally and calendar adjusted data,Real labour productivity per person,Italy,2020-07-01,103.906
Quarterly,"Index, 2020=100",Seasonally and calendar adjusted data,Real labour productivity per person,Italy,2020-10-01,103.218
Quarterly,"Index, 2020=100",Seasonally and calendar adjusted data,Real labour productivity per person,Italy,2021-01-01,105.352
Quarterly,"Index, 2020=100",Seasonally and calendar adjusted data,Real labour productivity per person,Italy,2021-04-01,107.081
Quarterly,"Index, 2020=100",Seasonally and calendar adjusted data,Real labour productivity per person,Italy,2021-07-01,108.77
Quarterly,"Index, 2020=100",Seasonally and calendar adjusted data,Real labour productivity per person,Italy,2021-10-01,109.95
Quarterly,"Index, 2020=100",Seasonally and calendar adjusted data,Real labour productivity per person,Italy,2022-01-01,110.811
Quarterly,"Index, 2020=100",Seasonally and calendar adjusted data,Real labour productivity per person,Italy,2022-04-01,111.108
Quarterly,"Index, 2020=100",Seasonally and calendar adjusted data,Real labour productivity per person,Italy,2022-07-01,111.76
Quarterly,"Index, 2020=100",Seasonally and calendar adjusted data,Real labour productivity per person,Italy,2022-10-01,110.467
Quarterly,"Index, 2020=100",Seasonally and calendar adjusted data,Real labour productivity per person,Italy,2023-01-01,110.315
Quarterly,"Index, 2020=100",Seasonally and calendar adjusted data,Real labour productivity per person,Italy,2023-04-01,110.186
Quarterly,"Index, 2020=100",Seasonally and calendar adjusted data,Real labour productivity per person,Italy,2023-07-01,110.032
Quarterly,"Index, 2020=100",Seasonally and calendar adjusted data,Real labour productivity per person,Italy,2023-10-01,108.833
Quarterly,"Index, 2020=100",Seasonally and calendar adjusted data,Real labour productivity per person,Italy,2024-01-01,109.063
Quarterly,"Index, 2020=100",Seasonally and calendar adjusted data,Real labour productivity per person,Italy,2024-04-01,108.95
Quarterly,"Index, 2020=100",Seasonally and calendar adjusted data,Real labour productivity per person,Italy,2024-07-01,108.146
Quarterly,"Index, 2020=100",Seasonally and calendar adjusted data,Real labour productivity per person,Italy,2024-10-01,108.333
Quarterly,"Index, 2020=100",Seasonally and calendar adjusted data,Real labour productivity per person,Italy,2025-01-01,107.178
Quarterly,"Index, 2020=100",Seasonally and calendar adjusted data,Real labour productivity per hour worked,Euro area – 20 countries (from 2023),2019-01-01,97.316
Quarterly,"Index, 2020=100",Seasonally and calendar adjusted data,Real labour productivity per hour worked,Euro area – 20 countries (from 2023),2019-04-01,98.018
Quarterly,"Index, 2020=100",Seasonally and calendar adjusted data,Real labour productivity per hour worked,Euro area – 20 countries (from 2023),2019-07-01,97.8
Quarterly,"Index, 2020=100",Seasonally and calendar adjusted data,Real labour productivity per hour worked,Euro area – 20 countries (from 2023),2019-10-01,97.914
Quarterly,"Index, 2020=100",Seasonally and calendar adjusted data,Real labour productivity per hour worked,Euro area – 20 countries (from 2023),2020-01-01,98.817
Quarterly,"Index, 2020=100",Seasonally and calendar adjusted data,Real labour productivity per hour worked,Euro area – 20 countries (from 2023),2020-04-01,101.594
Quarterly,"Index, 2020=100",Seasonally and calendar adjusted data,Real labour productivity per hour worked,Euro area – 20 countries (from 2023),2020-07-01,99.345
Quarterly,"Index, 2020=100",Seasonally and calendar adjusted data,Real labour productivity per hour worked,Euro area – 20 countries (from 2023),2020-10-01,100.244
Quarterly,"Index, 2020=100",Seasonally and calendar adjusted data,Real labour productivity per hour worked,Euro area – 20 countries (from 2023),2021-01-01,100.743
Quarterly,"Index, 2020=100",Seasonally and calendar adjusted data,Real labour productivity per hour worked,Euro area – 20 countries (from 2023),2021-04-01,99.792
Quarterly,"Index, 2020=100",Seasonally and calendar adjusted data,Real labour productivity per hour worked,Euro area – 20 countries (from 2023),2021-07-01,100.094
Quarterly,"Index, 2020=100",Seasonally and calendar adjusted data,Real labour productivity per hour worked,Euro area – 20 countries (from 2023),2021-10-01,100.224
Quarterly,"Index, 2020=100",Seasonally and calendar adjusted data,Real labour productivity per hour worked,Euro area – 20 countries (from 2023),2022-01-01,99.743
Quarterly,"Index, 2020=100",Seasonally and calendar adjusted data,Real labour productivity per hour worked,Euro area – 20 countries (from 2023),2022-04-01,100.121
Quarterly,"Index, 2020=100",Seasonally and calendar adjusted data,Real labour productivity per hour worked,Euro area – 20 countries (from 2023),2022-07-01,100.404
Quarterly,"Index, 2020=100",Seasonally and calendar adjusted data,Real labour productivity per hour worked,Euro area – 20 countries (from 2023),2022-10-01,99.901
Quarterly,"Index, 2020=100",Seasonally and calendar adjusted data,Real labour productivity per hour worked,Euro area – 20 countries (from 2023),2023-01-01,99.096
Quarterly,"Index, 2020=100",Seasonally and calendar adjusted data,Real labour productivity per hour worked,Euro area – 20 countries (from 2023),2023-04-01,99.158
Quarterly,"Index, 2020=100",Seasonally and calendar adjusted data,Real labour productivity per hour worked,Euro area – 20 countries (from 2023),2023-07-01,98.77
Quarterly,"Index, 2020=100",Seasonally and calendar adjusted data,Real labour productivity per hour worked,Euro area – 20 countries (from 2023),2023-10-01,98.655
Quarterly,"Index, 2020=100",Seasonally and calendar adjusted data,Real labour productivity per hour worked,Euro area – 20 countries (from 2023),2024-01-01,98.794
Quarterly,"Index, 2020=100",Seasonally and calendar adjusted data,Real labour productivity per hour worked,Euro area – 20 countries (from 2023),2024-04-01,98.841
Quarterly,"Index, 2020=100",Seasonally and calendar adjusted data,Real labour productivity per hour worked,Euro area – 20 countries (from 2023),2024-07-01,99.137
Quarterly,"Index, 2020=100",Seasonally and calendar adjusted data,Real labour productivity per hour worked,Euro area – 20 countries (from 2023),2024-10-01,98.775
Quarterly,"Index, 2020=100",Seasonally and calendar adjusted data,Real labour productivity per hour worked,Euro area – 20 countries (from 2023),2025-01-01,
Quarterly,"Index, 2020=100",Seasonally and calendar adjusted data,Real labour productivity per hour worked,Germany,2019-01-01,98.677
Quarterly,"Index, 2020=100",Seasonally and calendar adjusted data,Real labour productivity per hour worked,Germany,2019-04-01,99.259
Quarterly,"Index, 2020=100",Seasonally and calendar adjusted data,Real labour productivity per hour worked,Germany,2019-07-01,98.646
Quarterly,"Index, 2020=100",Seasonally and calendar adjusted data,Real labour productivity per hour worked,Germany,2019-10-01,99.323
Quarterly,"Index, 2020=100",Seasonally and calendar adjusted data,Real labour productivity per hour worked,Germany,2020-01-01,98.986
Quarterly,"Index, 2020=100",Seasonally and calendar adjusted data,Real labour productivity per hour worked,Germany,2020-04-01,96.216
Quarterly,"Index, 2020=100",Seasonally and calendar adjusted data,Real labour productivity per hour worked,Germany,2020-07-01,102.878
Quarterly,"Index, 2020=100",Seasonally and calendar adjusted data,Real labour productivity per hour worked,Germany,2020-10-01,101.92
Quarterly,"Index, 2020=100",Seasonally and calendar adjusted data,Real labour productivity per hour worked,Germany,2021-01-01,100.288
Quarterly,"Index, 2020=100",Seasonally and calendar adjusted data,Real labour productivity per hour worked,Germany,2021-04-01,100.666
Quarterly,"Index, 2020=100",Seasonally and calendar adjusted data,Real labour productivity per hour worked,Germany,2021-07-01,102.686
Quarterly,"Index, 2020=100",Seasonally and calendar adjusted data,Real labour productivity per hour worked,Germany,2021-10-01,101.782
Quarterly,"Index, 2020=100",Seasonally and calendar adjusted data,Real labour productivity per hour worked,Germany,2022-01-01,101.078
Quarterly,"Index, 2020=100",Seasonally and calendar adjusted data,Real labour productivity per hour worked,Germany,2022-04-01,101.183
Quarterly,"Index, 2020=100",Seasonally and calendar adjusted data,Real labour productivity per hour worked,Germany,2022-07-01,101.713
Quarterly,"Index, 2020=100",Seasonally and calendar adjusted data,Real labour productivity per hour worked,Germany,2022-10-01,101.436
Quarterly,"Index, 2020=100",Seasonally and calendar adjusted data,Real labour productivity per hour worked,Germany,2023-01-01,100.836
Quarterly,"Index, 2020=100",Seasonally and calendar adjusted data,Real labour productivity per hour worked,Germany,2023-04-01,100.129
Quarterly,"Index, 2020=100",Seasonally and calendar adjusted data,Real labour productivity per hour worked,Germany,2023-07-01,100.585
Quarterly,"Index, 2020=100",Seasonally and calendar adjusted data,Real labour productivity per hour worked,Germany,2023-10-01,100.802
Quarterly,"Index, 2020=100",Seasonally and calendar adjusted data,Real labour productivity per hour worked,Germany,2024-01-01,101.106
Quarterly,"Index, 2020=100",Seasonally and calendar adjusted data,Real labour productivity per hour worked,Germany,2024-04-01,100.615
Quarterly,"Index, 2020=100",Seasonally and calendar adjusted data,Real labour productivity per hour worked,Germany,2024-07-01,100.534
Quarterly,"Index, 2020=100",Seasonally and calendar adjusted data,Real labour productivity per hour worked,Germany,2024-10-01,99.938
Quarterly,"Index, 2020=100",Seasonally and calendar adjusted data,Real labour productivity per hour worked,Germany,2025-01-01,100.723
Quarterly,"Index, 2020=100",Seasonally and calendar adjusted data,Real labour productivity per hour worked,France,2019-01-01,99.295
Quarterly,"Index, 2020=100",Seasonally and calendar adjusted data,Real labour productivity per hour worked,France,2019-04-01,99.382
Quarterly,"Index, 2020=100",Seasonally and calendar adjusted data,Real labour productivity per hour worked,France,2019-07-01,99.122
Quarterly,"Index, 2020=100",Seasonally and calendar adjusted data,Real labour productivity per hour worked,France,2019-10-01,98.439
Quarterly,"Index, 2020=100",Seasonally and calendar adjusted data,Real labour productivity per hour worked,France,2020-01-01,96.951
Quarterly,"Index, 2020=100",Seasonally and calendar adjusted data,Real labour productivity per hour worked,France,2020-04-01,104.004
Quarterly,"Index, 2020=100",Seasonally and calendar adjusted data,Real labour productivity per hour worked,France,2020-07-01,98.542
Quarterly,"Index, 2020=100",Seasonally and calendar adjusted data,Real labour productivity per hour worked,France,2020-10-01,100.503
Quarterly,"Index, 2020=100",Seasonally and calendar adjusted data,Real labour productivity per hour worked,France,2021-01-01,99.824
Quarterly,"Index, 2020=100",Seasonally and calendar adjusted data,Real labour productivity per hour worked,France,2021-04-01,99.59
Quarterly,"Index, 2020=100",Seasonally and calendar adjusted data,Real labour productivity per hour worked,France,2021-07-01,97.581
Quarterly,"Index, 2020=100",Seasonally and calendar adjusted data,Real labour productivity per hour worked,France,2021-10-01,97.216
Quarterly,"Index, 2020=100",Seasonally and calendar adjusted data,Real labour productivity per hour worked,France,2022-01-01,97.548
Quarterly,"Index, 2020=100",Seasonally and calendar adjusted data,Real labour productivity per hour worked,France,2022-04-01,96.785
Quarterly,"Index, 2020=100",Seasonally and calendar adjusted data,Real labour productivity per hour worked,France,2022-07-01,97.073
Quarterly,"Index, 2020=100",Seasonally and calendar adjusted data,Real labour productivity per hour worked,France,2022-10-01,96.71
Quarterly,"Index, 2020=100",Seasonally and calendar adjusted data,Real labour productivity per hour worked,France,2023-01-01,96.036
Quarterly,"Index, 2020=100",Seasonally and calendar adjusted data,Real labour productivity per hour worked,France,2023-04-01,96.376
Quarterly,"Index, 2020=100",Seasonally and calendar adjusted data,Real labour productivity per hour worked,France,2023-07-01,96.391
Quarterly,"Index, 2020=100",Seasonally and calendar adjusted data,Real labour productivity per hour worked,France,2023-10-01,96.598
Quarterly,"Index, 2020=100",Seasonally and calendar adjusted data,Real labour productivity per hour worked,France,2024-01-01,96.595
Quarterly,"Index, 2020=100",Seasonally and calendar adjusted data,Real labour productivity per hour worked,France,2024-04-01,96.862
Quarterly,"Index, 2020=100",Seasonally and calendar adjusted data,Real labour productivity per hour worked,France,2024-07-01,97.255
Quarterly,"Index, 2020=100",Seasonally and calendar adjusted data,Real labour productivity per hour worked,France,2024-10-01,97.429
Quarterly,"Index, 2020=100",Seasonally and calendar adjusted data,Real labour productivity per hour worked,France,2025-01-01,
Quarterly,"Index, 2020=100",Seasonally and calendar adjusted data,Real labour productivity per hour worked,Italy,2019-01-01,96.02
Quarterly,"Index, 2020=100",Seasonally and calendar adjusted data,Real labour productivity per hour worked,Italy,2019-04-01,97.133
Quarterly,"Index, 2020=100",Seasonally and calendar adjusted data,Real labour productivity per hour worked,Italy,2019-07-01,96.647
Quarterly,"Index, 2020=100",Seasonally and calendar adjusted data,Real labour productivity per hour worked,Italy,2019-10-01,96.888
Quarterly,"Index, 2020=100",Seasonally and calendar adjusted data,Real labour productivity per hour worked,Italy,2020-01-01,99.277
Quarterly,"Index, 2020=100",Seasonally and calendar adjusted data,Real labour productivity per hour worked,Italy,2020-04-01,103.485
Quarterly,"Index, 2020=100",Seasonally and calendar adjusted data,Real labour productivity per hour worked,Italy,2020-07-01,98.21
Quarterly,"Index, 2020=100",Seasonally and calendar adjusted data,Real labour productivity per hour worked,Italy,2020-10-01,99.028
Quarterly,"Index, 2020=100",Seasonally and calendar adjusted data,Real labour productivity per hour worked,Italy,2021-01-01,99.327
Quarterly,"Index, 2020=100",Seasonally and calendar adjusted data,Real labour productivity per hour worked,Italy,2021-04-01,98.951
Quarterly,"Index, 2020=100",Seasonally and calendar adjusted data,Real labour productivity per hour worked,Italy,2021-07-01,97.729
Quarterly,"Index, 2020=100",Seasonally and calendar adjusted data,Real labour productivity per hour worked,Italy,2021-10-01,98.866
Quarterly,"Index, 2020=100",Seasonally and calendar adjusted data,Real labour productivity per hour worked,Italy,2022-01-01,98.809
Quarterly,"Index, 2020=100",Seasonally and calendar adjusted data,Real labour productivity per hour worked,Italy,2022-04-01,99.111
Quarterly,"Index, 2020=100",Seasonally and calendar adjusted data,Real labour productivity per hour worked,Italy,2022-07-01,99.575
Quarterly,"Index, 2020=100",Seasonally and calendar adjusted data,Real labour productivity per hour worked,Italy,2022-10-01,98.281
Quarterly,"Index, 2020=100",Seasonally and calendar adjusted data,Real labour productivity per hour worked,Italy,2023-01-01,97.6
Quarterly,"Index, 2020=100",Seasonally and calendar adjusted data,Real labour productivity per hour worked,Italy,2023-04-01,97.511
Quarterly,"Index, 2020=100",Seasonally and calendar adjusted data,Real labour productivity per hour worked,Italy,2023-07-01,96.896
Quarterly,"Index, 2020=100",Seasonally and calendar adjusted data,Real labour productivity per hour worked,Italy,2023-10-01,96.052
Quarterly,"Index, 2020=100",Seasonally and calendar adjusted data,Real labour productivity per hour worked,Italy,2024-01-01,95.566
Quarterly,"Index, 2020=100",Seasonally and calendar adjusted data,Real labour productivity per hour worked,Italy,2024-04-01,96.26
Quarterly,"Index, 2020=100",Seasonally and calendar adjusted data,Real labour productivity per hour worked,Italy,2024-07-01,96.102
Quarterly,"Index, 2020=100",Seasonally and calendar adjusted data,Real labour productivity per hour worked,Italy,2024-10-01,96.109
Quarterly,"Index, 2020=100",Seasonally and calendar adjusted data,Real labour productivity per hour worked,Italy,2025-01-01,
Quarterly,Percentage change on previous period,Seasonally and calendar adjusted data,Real labour productivity per person,Euro area – 20 countries (from 2023),2019-01-01,0.2
Quarterly,Percentage change on previous period,Seasonally and calendar adjusted data,Real labour productivity per person,Euro area – 20 countries (from 2023),2019-04-01,0.0
Quarterly,Percentage change on previous period,Seasonally and calendar adjusted data,Real labour productivity per person,Euro area – 20 countries (from 2023),2019-07-01,0.0
Quarterly,Percentage change on previous period,Seasonally and calendar adjusted data,Real labour productivity per person,Euro area – 20 countries (from 2023),2019-10-01,-0.2
Quarterly,Percentage change on previous period,Seasonally and calendar adjusted data,Real labour productivity per person,Euro area – 20 countries (from 2023),2020-01-01,-3.1
Quarterly,Percentage change on previous period,Seasonally and calendar adjusted data,Real labour productivity per person,Euro area – 20 countries (from 2023),2020-04-01,-8.5
Quarterly,Percentage change on previous period,Seasonally and calendar adjusted data,Real labour productivity per person,Euro area – 20 countries (from 2023),2020-07-01,10.4
Quarterly,Percentage change on previous period,Seasonally and calendar adjusted data,Real labour productivity per person,Euro area – 20 countries (from 2023),2020-10-01,-0.2
Quarterly,Percentage change on previous period,Seasonally and calendar adjusted data,Real labour productivity per person,Euro area – 20 countries (from 2023),2021-01-01,0.7
Quarterly,Percentage change on previous period,Seasonally and calendar adjusted data,Real labour productivity per person,Euro area – 20 countries (from 2023),2021-04-01,1.4
Quarterly,Percentage change on previous period,Seasonally and calendar adjusted data,Real labour productivity per person,Euro area – 20 countries (from 2023),2021-07-01,0.6
Quarterly,Percentage change on previous period,Seasonally and calendar adjusted data,Real labour productivity per person,Euro area – 20 countries (from 2023),2021-10-01,0.3
Quarterly,Percentage change on previous period,Seasonally and calendar adjusted data,Real labour productivity per person,Euro area – 20 countries (from 2023),2022-01-01,0.0
Quarterly,Percentage change on previous period,Seasonally and calendar adjusted data,Real labour productivity per person,Euro area – 20 countries (from 2023),2022-04-01,0.4
Quarterly,Percentage change on previous period,Seasonally and calendar adjusted data,Real labour productivity per person,Euro area – 20 countries (from 2023),2022-07-01,0.3
Quarterly,Percentage change on previous period,Seasonally and calendar adjusted data,Real labour productivity per person,Euro area – 20 countries (from 2023),2022-10-01,-0.5
Quarterly,Percentage change on previous period,Seasonally and calendar adjusted data,Real labour productivity per person,Euro area – 20 countries (from 2023),2023-01-01,-0.4
Quarterly,Percentage change on previous period,Seasonally and calendar adjusted data,Real labour productivity per person,Euro area – 20 countries (from 2023),2023-04-01,-0.2
Quarterly,Percentage change on previous period,Seasonally and calendar adjusted data,Real labour productivity per person,Euro area – 20 countries (from 2023),2023-07-01,-0.2
Quarterly,Percentage change on previous period,Seasonally and calendar adjusted data,Real labour productivity per person,Euro area – 20 countries (from 2023),2023-10-01,-0.3
Quarterly,Percentage change on previous period,Seasonally and calendar adjusted data,Real labour productivity per person,Euro area – 20 countries (from 2023),2024-01-01,0.1
Quarterly,Percentage change on previous period,Seasonally and calendar adjusted data,Real labour productivity per person,Euro area – 20 countries (from 2023),2024-04-01,0.0
Quarterly,Percentage change on previous period,Seasonally and calendar adjusted data,Real labour productivity per person,Euro area – 20 countries (from 2023),2024-07-01,0.2
Quarterly,Percentage change on previous period,Seasonally and calendar adjusted data,Real labour productivity per person,Euro area – 20 countries (from 2023),2024-10-01,0.1
Quarterly,Percentage change on previous period,Seasonally and calendar adjusted data,Real labour productivity per person,Euro area – 20 countries (from 2023),2025-01-01,0.0
Quarterly,Percentage change on previous period,Seasonally and calendar adjusted data,Real labour productivity per person,Germany,2019-01-01,0.3
Quarterly,Percentage change on previous period,Seasonally and calendar adjusted data,Real labour productivity per person,Germany,2019-04-01,-0.2
Quarterly,Percentage change on previous period,Seasonally and calendar adjusted data,Real labour productivity per person,Germany,2019-07-01,0.2
Quarterly,Percentage change on previous period,Seasonally and calendar adjusted data,Real labour productivity per person,Germany,2019-10-01,-0.2
Quarterly,Percentage change on previous period,Seasonally and calendar adjusted data,Real labour productivity per person,Germany,2020-01-01,-2.3
Quarterly,Percentage change on previous period,Seasonally and calendar adjusted data,Real labour productivity per person,Germany,2020-04-01,-7.7
Quarterly,Percentage change on previous period,Seasonally and calendar adjusted data,Real labour productivity per person,Germany,2020-07-01,8.8
Quarterly,Percentage change on previous period,Seasonally and calendar adjusted data,Real labour productivity per person,Germany,2020-10-01,1.0
Quarterly,Percentage change on previous period,Seasonally and calendar adjusted data,Real labour productivity per person,Germany,2021-01-01,-1.0
Quarterly,Percentage change on previous period,Seasonally and calendar adjusted data,Real labour productivity per person,Germany,2021-04-01,2.3
Quarterly,Percentage change on previous period,Seasonally and calendar adjusted data,Real labour productivity per person,Germany,2021-07-01,-0.5
Quarterly,Percentage change on previous period,Seasonally and calendar adjusted data,Real labour productivity per person,Germany,2021-10-01,0.3
Quarterly,Percentage change on previous period,Seasonally and calendar adjusted data,Real labour productivity per person,Germany,2022-01-01,-0.3
Quarterly,Percentage change on previous period,Seasonally and calendar adjusted data,Real labour productivity per person,Germany,2022-04-01,-0.3
Quarterly,Percentage change on previous period,Seasonally and calendar adjusted data,Real labour productivity per person,Germany,2022-07-01,0.4
Quarterly,Percentage change on previous period,Seasonally and calendar adjusted data,Real labour productivity per person,Germany,2022-10-01,-0.7
Quarterly,Percentage change on previous period,Seasonally and calendar adjusted data,Real labour productivity per person,Germany,2023-01-01,-0.1
Quarterly,Percentage change on previous period,Seasonally and calendar adjusted data,Real labour productivity per person,Germany,2023-04-01,-0.3
Quarterly,Percentage change on previous period,Seasonally and calendar adjusted data,Real labour productivity per person,Germany,2023-07-01,0.1
Quarterly,Percentage change on previous period,Seasonally and calendar adjusted data,Real labour productivity per person,Germany,2023-10-01,-0.4
Quarterly,Percentage change on previous period,Seasonally and calendar adjusted data,Real labour productivity per person,Germany,2024-01-01,0.2
Quarterly,Percentage change on previous period,Seasonally and calendar adjusted data,Real labour productivity per person,Germany,2024-04-01,-0.3
Quarterly,Percentage change on previous period,Seasonally and calendar adjusted data,Real labour productivity per person,Germany,2024-07-01,0.2
Quarterly,Percentage change on previous period,Seasonally and calendar adjusted data,Real labour productivity per person,Germany,2024-10-01,-0.2
Quarterly,Percentage change on previous period,Seasonally and calendar adjusted data,Real labour productivity per person,Germany,2025-01-01,0.4
Quarterly,Percentage change on previous period,Seasonally and calendar adjusted data,Real labour productivity per person,France,2019-01-01,0.4
Quarterly,Percentage change on previous period,Seasonally and calendar adjusted data,Real labour productivity per person,France,2019-04-01,0.2
Quarterly,Percentage change on previous period,Seasonally and calendar adjusted data,Real labour productivity per person,France,2019-07-01,-0.3
Quarterly,Percentage change on previous period,Seasonally and calendar adjusted data,Real labour productivity per person,France,2019-10-01,-0.9
Quarterly,Percentage change on previous period,Seasonally and calendar adjusted data,Real labour productivity per person,France,2020-01-01,-5.1
Quarterly,Percentage change on previous period,Seasonally and calendar adjusted data,Real labour productivity per person,France,2020-04-01,-10.3
Quarterly,Percentage change on previous period,Seasonally and calendar adjusted data,Real labour productivity per person,France,2020-07-01,13.7
Quarterly,Percentage change on previous period,Seasonally and calendar adjusted data,Real labour productivity per person,France,2020-10-01,-0.9
Quarterly,Percentage change on previous period,Seasonally and calendar adjusted data,Real labour productivity per person,France,2021-01-01,0.0
Quarterly,Percentage change on previous period,Seasonally and calendar adjusted data,Real labour productivity per person,France,2021-04-01,0.6
Quarterly,Percentage change on previous period,Seasonally and calendar adjusted data,Real labour productivity per person,France,2021-07-01,1.7
Quarterly,Percentage change on previous period,Seasonally and calendar adjusted data,Real labour productivity per person,France,2021-10-01,-0.2
Quarterly,Percentage change on previous period,Seasonally and calendar adjusted data,Real labour productivity per person,France,2022-01-01,-0.7
Quarterly,Percentage change on previous period,Seasonally and calendar adjusted data,Real labour productivity per person,France,2022-04-01,0.1
Quarterly,Percentage change on previous period,Seasonally and calendar adjusted data,Real labour productivity per person,France,2022-07-01,0.2
Quarterly,Percentage change on previous period,Seasonally and calendar adjusted data,Real labour productivity per person,France,2022-10-01,-0.2
Quarterly,Percentage change on previous period,Seasonally and calendar adjusted data,Real labour productivity per person,France,2023-01-01,-0.4
Quarterly,Percentage change on previous period,Seasonally and calendar adjusted data,Real labour productivity per person,France,2023-04-01,0.5
Quarterly,Percentage change on previous period,Seasonally and calendar adjusted data,Real labour productivity per person,France,2023-07-01,0.0
Quarterly,Percentage change on previous period,Seasonally and calendar adjusted data,Real labour productivity per person,France,2023-10-01,0.3
Quarterly,Percentage change on previous period,Seasonally and calendar adjusted data,Real labour productivity per person,France,2024-01-01,-0.1
Quarterly,Percentage change on previous period,Seasonally and calendar adjusted data,Real labour productivity per person,France,2024-04-01,0.2
Quarterly,Percentage change on previous period,Seasonally and calendar adjusted data,Real labour productivity per person,France,2024-07-01,0.4
Quarterly,Percentage change on previous period,Seasonally and calendar adjusted data,Real labour productivity per person,France,2024-10-01,0.0
Quarterly,Percentage change on previous period,Seasonally and calendar adjusted data,Real labour productivity per person,France,2025-01-01,0.2
Quarterly,Percentage change on previous period,Seasonally and calendar adjusted data,Real labour productivity per person,Italy,2019-01-01,-0.1
Quarterly,Percentage change on previous period,Seasonally and calendar adjusted data,Real labour productivity per person,Italy,2019-04-01,-0.1
Quarterly,Percentage change on previous period,Seasonally and calendar adjusted data,Real labour productivity per person,Italy,2019-07-01,-0.4
Quarterly,Percentage change on previous period,Seasonally and calendar adjusted data,Real labour productivity per person,Italy,2019-10-01,0.0
Quarterly,Percentage change on previous period,Seasonally and calendar adjusted data,Real labour productivity per person,Italy,2020-01-01,-5.7
Quarterly,Percentage change on previous period,Seasonally and calendar adjusted data,Real labour productivity per person,Italy,2020-04-01,-9.5
Quarterly,Percentage change on previous period,Seasonally and calendar adjusted data,Real labour productivity per person,Italy,2020-07-01,13.4
Quarterly,Percentage change on previous period,Seasonally and calendar adjusted data,Real labour productivity per person,Italy,2020-10-01,-0.7
Quarterly,Percentage change on previous period,Seasonally and calendar adjusted data,Real labour productivity per person,Italy,2021-01-01,2.2
Quarterly,Percentage change on previous period,Seasonally and calendar adjusted data,Real labour productivity per person,Italy,2021-04-01,1.5
Quarterly,Percentage change on previous period,Seasonally and calendar adjusted data,Real labour productivity per person,Italy,2021-07-01,1.6
Quarterly,Percentage change on previous period,Seasonally and calendar adjusted data,Real labour productivity per person,Italy,2021-10-01,1.1
Quarterly,Percentage change on previous period,Seasonally and calendar adjusted data,Real labour productivity per person,Italy,2022-01-01,0.8
Quarterly,Percentage change on previous period,Seasonally and calendar adjusted data,Real labour productivity per person,Italy,2022-04-01,0.3
Quarterly,Percentage change on previous period,Seasonally and calendar adjusted data,Real labour productivity per person,Italy,2022-07-01,0.5
Quarterly,Percentage change on previous period,Seasonally and calendar adjusted data,Real labour productivity per person,Italy,2022-10-01,-1.0
Quarterly,Percentage change on previous period,Seasonally and calendar adjusted data,Real labour productivity per person,Italy,2023-01-01,-0.3
Quarterly,Percentage change on previous period,Seasonally and calendar adjusted data,Real labour productivity per person,Italy,2023-04-01,-0.2
Quarterly,Percentage change on previous period,Seasonally and calendar adjusted data,Real labour productivity per person,Italy,2023-07-01,-0.1
Quarterly,Percentage change on previous period,Seasonally and calendar adjusted data,Real labour productivity per person,Italy,2023-10-01,-0.8
Quarterly,Percentage change on previous period,Seasonally and calendar adjusted data,Real labour productivity per person,Italy,2024-01-01,-0.1
Quarterly,Percentage change on previous period,Seasonally and calendar adjusted data,Real labour productivity per person,Italy,2024-04-01,-0.1
Quarterly,Percentage change on previous period,Seasonally and calendar adjusted data,Real labour productivity per person,Italy,2024-07-01,-0.6
Quarterly,Percentage change on previous period,Seasonally and calendar adjusted data,Real labour productivity per person,Italy,2024-10-01,0.3
Quarterly,Percentage change on previous period,Seasonally and calendar adjusted data,Real labour productivity per person,Italy,2025-01-01,
Quarterly,Percentage change on previous period,Seasonally and calendar adjusted data,Real labour productivity per hour worked,Euro area – 20 countries (from 2023),2019-01-01,0.0
Quarterly,Percentage change on previous period,Seasonally and calendar adjusted data,Real labour productivity per hour worked,Euro area – 20 countries (from 2023),2019-04-01,0.7
Quarterly,Percentage change on previous period,Seasonally and calendar adjusted data,Real labour productivity per hour worked,Euro area – 20 countries (from 2023),2019-07-01,-0.2
Quarterly,Percentage change on previous period,Seasonally and calendar adjusted data,Real labour productivity per hour worked,Euro area – 20 countries (from 2023),2019-10-01,0.1
Quarterly,Percentage change on previous period,Seasonally and calendar adjusted data,Real labour productivity per hour worked,Euro area – 20 countries (from 2023),2020-01-01,0.9
Quarterly,Percentage change on previous period,Seasonally and calendar adjusted data,Real labour productivity per hour worked,Euro area – 20 countries (from 2023),2020-04-01,2.8
Quarterly,Percentage change on previous period,Seasonally and calendar adjusted data,Real labour productivity per hour worked,Euro area – 20 countries (from 2023),2020-07-01,-2.2
Quarterly,Percentage change on previous period,Seasonally and calendar adjusted data,Real labour productivity per hour worked,Euro area – 20 countries (from 2023),2020-10-01,0.9
Quarterly,Percentage change on previous period,Seasonally and calendar adjusted data,Real labour productivity per hour worked,Euro area – 20 countries (from 2023),2021-01-01,0.5
Quarterly,Percentage change on previous period,Seasonally and calendar adjusted data,Real labour productivity per hour worked,Euro area – 20 countries (from 2023),2021-04-01,-0.9
Quarterly,Percentage change on previous period,Seasonally and calendar adjusted data,Real labour productivity per hour worked,Euro area – 20 countries (from 2023),2021-07-01,0.3
Quarterly,Percentage change on previous period,Seasonally and calendar adjusted data,Real labour productivity per hour worked,Euro area – 20 countries (from 2023),2021-10-01,0.1
Quarterly,Percentage change on previous period,Seasonally and calendar adjusted data,Real labour productivity per hour worked,Euro area – 20 countries (from 2023),2022-01-01,-0.5
Quarterly,Percentage change on previous period,Seasonally and calendar adjusted data,Real labour productivity per hour worked,Euro area – 20 countries (from 2023),2022-04-01,0.4
Quarterly,Percentage change on previous period,Seasonally and calendar adjusted data,Real labour productivity per hour worked,Euro area – 20 countries (from 2023),2022-07-01,0.3
Quarterly,Percentage change on previous period,Seasonally and calendar adjusted data,Real labour productivity per hour worked,Euro area – 20 countries (from 2023),2022-10-01,-0.5
Quarterly,Percentage change on previous period,Seasonally and calendar adjusted data,Real labour productivity per hour worked,Euro area – 20 countries (from 2023),2023-01-01,-0.8
Quarterly,Percentage change on previous period,Seasonally and calendar adjusted data,Real labour productivity per hour worked,Euro area – 20 countries (from 2023),2023-04-01,0.1
Quarterly,Percentage change on previous period,Seasonally and calendar adjusted data,Real labour productivity per hour worked,Euro area – 20 countries (from 2023),2023-07-01,-0.4
Quarterly,Percentage change on previous period,Seasonally and calendar adjusted data,Real labour productivity per hour worked,Euro area – 20 countries (from 2023),2023-10-01,-0.1
Quarterly,Percentage change on previous period,Seasonally and calendar adjusted data,Real labour productivity per hour worked,Euro area – 20 countries (from 2023),2024-01-01,0.1
Quarterly,Percentage change on previous period,Seasonally and calendar adjusted data,Real labour productivity per hour worked,Euro area – 20 countries (from 2023),2024-04-01,0.0
Quarterly,Percentage change on previous period,Seasonally and calendar adjusted data,Real labour productivity per hour worked,Euro area – 20 countries (from 2023),2024-07-01,0.3
Quarterly,Percentage change on previous period,Seasonally and calendar adjusted data,Real labour productivity per hour worked,Euro area – 20 countries (from 2023),2024-10-01,-0.4
Quarterly,Percentage change on previous period,Seasonally and calendar adjusted data,Real labour productivity per hour worked,Euro area – 20 countries (from 2023),2025-01-01,
Quarterly,Percentage change on previous period,Seasonally and calendar adjusted data,Real labour productivity per hour worked,Germany,2019-01-01,0.8
Quarterly,Percentage change on previous period,Seasonally and calendar adjusted data,Real labour productivity per hour worked,Germany,2019-04-01,0.6
Quarterly,Percentage change on previous period,Seasonally and calendar adjusted data,Real labour productivity per hour worked,Germany,2019-07-01,-0.6
Quarterly,Percentage change on previous period,Seasonally and calendar adjusted data,Real labour productivity per hour worked,Germany,2019-10-01,0.7
Quarterly,Percentage change on previous period,Seasonally and calendar adjusted data,Real labour productivity per hour worked,Germany,2020-01-01,-0.3
Quarterly,Percentage change on previous period,Seasonally and calendar adjusted data,Real labour productivity per hour worked,Germany,2020-04-01,-2.8
Quarterly,Percentage change on previous period,Seasonally and calendar adjusted data,Real labour productivity per hour worked,Germany,2020-07-01,6.9
Quarterly,Percentage change on previous period,Seasonally and calendar adjusted data,Real labour productivity per hour worked,Germany,2020-10-01,-0.9
Quarterly,Percentage change on previous period,Seasonally and calendar adjusted data,Real labour productivity per hour worked,Germany,2021-01-01,-1.6
Quarterly,Percentage change on previous period,Seasonally and calendar adjusted data,Real labour productivity per hour worked,Germany,2021-04-01,0.4
Quarterly,Percentage change on previous period,Seasonally and calendar adjusted data,Real labour productivity per hour worked,Germany,2021-07-01,2.0
Quarterly,Percentage change on previous period,Seasonally and calendar adjusted data,Real labour productivity per hour worked,Germany,2021-10-01,-0.9
Quarterly,Percentage change on previous period,Seasonally and calendar adjusted data,Real labour productivity per hour worked,Germany,2022-01-01,-0.7
Quarterly,Percentage change on previous period,Seasonally and calendar adjusted data,Real labour productivity per hour worked,Germany,2022-04-01,0.1
Quarterly,Percentage change on previous period,Seasonally and calendar adjusted data,Real labour productivity per hour worked,Germany,2022-07-01,0.5
Quarterly,Percentage change on previous period,Seasonally and calendar adjusted data,Real labour productivity per hour worked,Germany,2022-10-01,-0.3
Quarterly,Percentage change on previous period,Seasonally and calendar adjusted data,Real labour productivity per hour worked,Germany,2023-01-01,-0.6
Quarterly,Percentage change on previous period,Seasonally and calendar adjusted data,Real labour productivity per hour worked,Germany,2023-04-01,-0.7
Quarterly,Percentage change on previous period,Seasonally and calendar adjusted data,Real labour productivity per hour worked,Germany,2023-07-01,0.5
Quarterly,Percentage change on previous period,Seasonally and calendar adjusted data,Real labour productivity per hour worked,Germany,2023-10-01,0.2
Quarterly,Percentage change on previous period,Seasonally and calendar adjusted data,Real labour productivity per hour worked,Germany,2024-01-01,0.3
Quarterly,Percentage change on previous period,Seasonally and calendar adjusted data,Real labour productivity per hour worked,Germany,2024-04-01,-0.5
Quarterly,Percentage change on previous period,Seasonally and calendar adjusted data,Real labour productivity per hour worked,Germany,2024-07-01,-0.1
Quarterly,Percentage change on previous period,Seasonally and calendar adjusted data,Real labour productivity per hour worked,Germany,2024-10-01,-0.6
Quarterly,Percentage change on previous period,Seasonally and calendar adjusted data,Real labour productivity per hour worked,Germany,2025-01-01,0.8
Quarterly,Percentage change on previous period,Seasonally and calendar adjusted data,Real labour productivity per hour worked,France,2019-01-01,0.0
Quarterly,Percentage change on previous period,Seasonally and calendar adjusted data,Real labour productivity per hour worked,France,2019-04-01,0.1
Quarterly,Percentage change on previous period,Seasonally and calendar adjusted data,Real labour productivity per hour worked,France,2019-07-01,-0.3
Quarterly,Percentage change on previous period,Seasonally and calendar adjusted data,Real labour productivity per hour worked,France,2019-10-01,-0.7
Quarterly,Percentage change on previous period,Seasonally and calendar adjusted data,Real labour productivity per hour worked,France,2020-01-01,-1.5
Quarterly,Percentage change on previous period,Seasonally and calendar adjusted data,Real labour productivity per hour worked,France,2020-04-01,7.3
Quarterly,Percentage change on previous period,Seasonally and calendar adjusted data,Real labour productivity per hour worked,France,2020-07-01,-5.3
Quarterly,Percentage change on previous period,Seasonally and calendar adjusted data,Real labour productivity per hour worked,France,2020-10-01,2.0
Quarterly,Percentage change on previous period,Seasonally and calendar adjusted data,Real labour productivity per hour worked,France,2021-01-01,-0.7
Quarterly,Percentage change on previous period,Seasonally and calendar adjusted data,Real labour productivity per hour worked,France,2021-04-01,-0.2
Quarterly,Percentage change on previous period,Seasonally and calendar adjusted data,Real labour productivity per hour worked,France,2021-07-01,-2.0
Quarterly,Percentage change on previous period,Seasonally and calendar adjusted data,Real labour productivity per hour worked,France,2021-10-01,-0.4
Quarterly,Percentage change on previous period,Seasonally and calendar adjusted data,Real labour productivity per hour worked,France,2022-01-01,0.3
Quarterly,Percentage change on previous period,Seasonally and calendar adjusted data,Real labour productivity per hour worked,France,2022-04-01,-0.8
Quarterly,Percentage change on previous period,Seasonally and calendar adjusted data,Real labour productivity per hour worked,France,2022-07-01,0.3
Quarterly,Percentage change on previous period,Seasonally and calendar adjusted data,Real labour productivity per hour worked,France,2022-10-01,-0.4
Quarterly,Percentage change on previous period,Seasonally and calendar adjusted data,Real labour productivity per hour worked,France,2023-01-01,-0.7
Quarterly,Percentage change on previous period,Seasonally and calendar adjusted data,Real labour productivity per hour worked,France,2023-04-01,0.4
Quarterly,Percentage change on previous period,Seasonally and calendar adjusted data,Real labour productivity per hour worked,France,2023-07-01,0.0
Quarterly,Percentage change on previous period,Seasonally and calendar adjusted data,Real labour productivity per hour worked,France,2023-10-01,0.2
Quarterly,Percentage change on previous period,Seasonally and calendar adjusted data,Real labour productivity per hour worked,France,2024-01-01,0.0
Quarterly,Percentage change on previous period,Seasonally and calendar adjusted data,Real labour productivity per hour worked,France,2024-04-01,0.3
Quarterly,Percentage change on previous period,Seasonally and calendar adjusted data,Real labour productivity per hour worked,France,2024-07-01,0.4
Quarterly,Percentage change on previous period,Seasonally and calendar adjusted data,Real labour productivity per hour worked,France,2024-10-01,0.2
Quarterly,Percentage change on previous period,Seasonally and calendar adjusted data,Real labour productivity per hour worked,France,2025-01-01,
Quarterly,Percentage change on previous period,Seasonally and calendar adjusted data,Real labour productivity per hour worked,Italy,2019-01-01,-0.6
Quarterly,Percentage change on previous period,Seasonally and calendar adjusted data,Real labour productivity per hour worked,Italy,2019-04-01,1.2
Quarterly,Percentage change on previous period,Seasonally and calendar adjusted data,Real labour productivity per hour worked,Italy,2019-07-01,-0.5
Quarterly,Percentage change on previous period,Seasonally and calendar adjusted data,Real labour productivity per hour worked,Italy,2019-10-01,0.2
Quarterly,Percentage change on previous period,Seasonally and calendar adjusted data,Real labour productivity per hour worked,Italy,2020-01-01,2.5
Quarterly,Percentage change on previous period,Seasonally and calendar adjusted data,Real labour productivity per hour worked,Italy,2020-04-01,4.2
Quarterly,Percentage change on previous period,Seasonally and calendar adjusted data,Real labour productivity per hour worked,Italy,2020-07-01,-5.1
Quarterly,Percentage change on previous period,Seasonally and calendar adjusted data,Real labour productivity per hour worked,Italy,2020-10-01,0.8
Quarterly,Percentage change on previous period,Seasonally and calendar adjusted data,Real labour productivity per hour worked,Italy,2021-01-01,0.3
Quarterly,Percentage change on previous period,Seasonally and calendar adjusted data,Real labour productivity per hour worked,Italy,2021-04-01,-0.4
Quarterly,Percentage change on previous period,Seasonally and calendar adjusted data,Real labour productivity per hour worked,Italy,2021-07-01,-1.2
Quarterly,Percentage change on previous period,Seasonally and calendar adjusted data,Real labour productivity per hour worked,Italy,2021-10-01,1.2
Quarterly,Percentage change on previous period,Seasonally and calendar adjusted data,Real labour productivity per hour worked,Italy,2022-01-01,-0.1
Quarterly,Percentage change on previous period,Seasonally and calendar adjusted data,Real labour productivity per hour worked,Italy,2022-04-01,0.3
Quarterly,Percentage change on previous period,Seasonally and calendar adjusted data,Real labour productivity per hour worked,Italy,2022-07-01,0.5
Quarterly,Percentage change on previous period,Seasonally and calendar adjusted data,Real labour productivity per hour worked,Italy,2022-10-01,-1.3
Quarterly,Percentage change on previous period,Seasonally and calendar adjusted data,Real labour productivity per hour worked,Italy,2023-01-01,-0.7
Quarterly,Percentage change on previous period,Seasonally and calendar adjusted data,Real labour productivity per hour worked,Italy,2023-04-01,-0.1
Quarterly,Percentage change on previous period,Seasonally and calendar adjusted data,Real labour productivity per hour worked,Italy,2023-07-01,-0.6
Quarterly,Percentage change on previous period,Seasonally and calendar adjusted data,Real labour productivity per hour worked,Italy,2023-10-01,-0.9
Quarterly,Percentage change on previous period,Seasonally and calendar adjusted data,Real labour productivity per hour worked,Italy,2024-01-01,-0.5
Quarterly,Percentage change on previous period,Seasonally and calendar adjusted data,Real labour productivity per hour worked,Italy,2024-04-01,0.7
Quarterly,Percentage change on previous period,Seasonally and calendar adjusted data,Real labour productivity per hour worked,Italy,2024-07-01,-0.2
Quarterly,Percentage change on previous period,Seasonally and calendar adjusted data,Real labour productivity per hour worked,Italy,2024-10-01,0.0
Quarterly,Percentage change on previous period,Seasonally and calendar adjusted data,Real labour productivity per hour worked,Italy,2025-01-01,
Quarterly,Percentage change compared to same period in previous year,Seasonally and calendar adjusted data,Real labour productivity per person,Euro area – 20 countries (from 2023),2019-01-01,0.3
Quarterly,Percentage change compared to same period in previous year,Seasonally and calendar adjusted data,Real labour productivity per person,Euro area – 20 countries (from 2023),2019-04-01,0.3
Quarterly,Percentage change compared to same period in previous year,Seasonally and calendar adjusted data,Real labour productivity per person,Euro area – 20 countries (from 2023),2019-07-01,0.6
Quarterly,Percentage change compared to same period in previous year,Seasonally and calendar adjusted data,Real labour productivity per person,Euro area – 20 countries (from 2023),2019-10-01,0.0
Quarterly,Percentage change compared to same period in previous year,Seasonally and calendar adjusted data,Real labour productivity per person,Euro area – 20 countries (from 2023),2020-01-01,-3.2
Quarterly,Percentage change compared to same period in previous year,Seasonally and calendar adjusted data,Real labour productivity per person,Euro area – 20 countries (from 2023),2020-04-01,-11.5
Quarterly,Percentage change compared to same period in previous year,Seasonally and calendar adjusted data,Real labour productivity per person,Euro area – 20 countries (from 2023),2020-07-01,-2.3
Quarterly,Percentage change compared to same period in previous year,Seasonally and calendar adjusted data,Real labour productivity per person,Euro area – 20 countries (from 2023),2020-10-01,-2.3
Quarterly,Percentage change compared to same period in previous year,Seasonally and calendar adjusted data,Real labour productivity per person,Euro area – 20 countries (from 2023),2021-01-01,1.6
Quarterly,Percentage change compared to same period in previous year,Seasonally and calendar adjusted data,Real labour productivity per person,Euro area – 20 countries (from 2023),2021-04-01,12.5
Quarterly,Percentage change compared to same period in previous year,Seasonally and calendar adjusted data,Real labour productivity per person,Euro area – 20 countries (from 2023),2021-07-01,2.4
Quarterly,Percentage change compared to same period in previous year,Seasonally and calendar adjusted data,Real labour productivity per person,Euro area – 20 countries (from 2023),2021-10-01,2.9
Quarterly,Percentage change compared to same period in previous year,Seasonally and calendar adjusted data,Real labour productivity per person,Euro area – 20 countries (from 2023),2022-01-01,2.2
Quarterly,Percentage change compared to same period in previous year,Seasonally and calendar adjusted data,Real labour productivity per person,Euro area – 20 countries (from 2023),2022-04-01,1.2
Quarterly,Percentage change compared to same period in previous year,Seasonally and calendar adjusted data,Real labour productivity per person,Euro area – 20 countries (from 2023),2022-07-01,1.0
Quarterly,Percentage change compared to same period in previous year,Seasonally and calendar adjusted data,Real labour productivity per person,Euro area – 20 countries (from 2023),2022-10-01,0.2
Quarterly,Percentage change compared to same period in previous year,Seasonally and calendar adjusted data,Real labour productivity per person,Euro area – 20 countries (from 2023),2023-01-01,-0.2
Quarterly,Percentage change compared to same period in previous year,Seasonally and calendar adjusted data,Real labour productivity per person,Euro area – 20 countries (from 2023),2023-04-01,-0.8
Quarterly,Percentage change compared to same period in previous year,Seasonally and calendar adjusted data,Real labour productivity per person,Euro area – 20 countries (from 2023),2023-07-01,-1.3
Quarterly,Percentage change compared to same period in previous year,Seasonally and calendar adjusted data,Real labour productivity per person,Euro area – 20 countries (from 2023),2023-10-01,-1.2
Quarterly,Percentage change compared to same period in previous year,Seasonally and calendar adjusted data,Real labour productivity per person,Euro area – 20 countries (from 2023),2024-01-01,-0.7
Quarterly,Percentage change compared to same period in previous year,Seasonally and calendar adjusted data,Real labour productivity per person,Euro area – 20 countries (from 2023),2024-04-01,-0.4
Quarterly,Percentage change compared to same period in previous year,Seasonally and calendar adjusted data,Real labour productivity per person,Euro area – 20 countries (from 2023),2024-07-01,0.0
Quarterly,Percentage change compared to same period in previous year,Seasonally and calendar adjusted data,Real labour productivity per person,Euro area – 20 countries (from 2023),2024-10-01,0.4
Quarterly,Percentage change compared to same period in previous year,Seasonally and calendar adjusted data,Real labour productivity per person,Euro area – 20 countries (from 2023),2025-01-01,0.4
Quarterly,Percentage change compared to same period in previous year,Seasonally and calendar adjusted data,Real labour productivity per person,Germany,2019-01-01,0.1
Quarterly,Percentage change compared to same period in previous year,Seasonally and calendar adjusted data,Real labour productivity per person,Germany,2019-04-01,-0.5
Quarterly,Percentage change compared to same period in previous year,Seasonally and calendar adjusted data,Real labour productivity per person,Germany,2019-07-01,0.7
Quarterly,Percentage change compared to same period in previous year,Seasonally and calendar adjusted data,Real labour productivity per person,Germany,2019-10-01,0.1
Quarterly,Percentage change compared to same period in previous year,Seasonally and calendar adjusted data,Real labour productivity per person,Germany,2020-01-01,-2.5
Quarterly,Percentage change compared to same period in previous year,Seasonally and calendar adjusted data,Real labour productivity per person,Germany,2020-04-01,-9.8
Quarterly,Percentage change compared to same period in previous year,Seasonally and calendar adjusted data,Real labour productivity per person,Germany,2020-07-01,-2.0
Quarterly,Percentage change compared to same period in previous year,Seasonally and calendar adjusted data,Real labour productivity per person,Germany,2020-10-01,-0.9
Quarterly,Percentage change compared to same period in previous year,Seasonally and calendar adjusted data,Real labour productivity per person,Germany,2021-01-01,0.4
Quarterly,Percentage change compared to same period in previous year,Seasonally and calendar adjusted data,Real labour productivity per person,Germany,2021-04-01,11.2
Quarterly,Percentage change compared to same period in previous year,Seasonally and calendar adjusted data,Real labour productivity per person,Germany,2021-07-01,1.7
Quarterly,Percentage change compared to same period in previous year,Seasonally and calendar adjusted data,Real labour productivity per person,Germany,2021-10-01,1.0
Quarterly,Percentage change compared to same period in previous year,Seasonally and calendar adjusted data,Real labour productivity per person,Germany,2022-01-01,1.8
Quarterly,Percentage change compared to same period in previous year,Seasonally and calendar adjusted data,Real labour productivity per person,Germany,2022-04-01,-0.8
Quarterly,Percentage change compared to same period in previous year,Seasonally and calendar adjusted data,Real labour productivity per person,Germany,2022-07-01,0.1
Quarterly,Percentage change compared to same period in previous year,Seasonally and calendar adjusted data,Real labour productivity per person,Germany,2022-10-01,-0.9
Quarterly,Percentage change compared to same period in previous year,Seasonally and calendar adjusted data,Real labour productivity per person,Germany,2023-01-01,-0.7
Quarterly,Percentage change compared to same period in previous year,Seasonally and calendar adjusted data,Real labour productivity per person,Germany,2023-04-01,-0.7
Quarterly,Percentage change compared to same period in previous year,Seasonally and calendar adjusted data,Real labour productivity per person,Germany,2023-07-01,-1.0
Quarterly,Percentage change compared to same period in previous year,Seasonally and calendar adjusted data,Real labour productivity per person,Germany,2023-10-01,-0.7
Quarterly,Percentage change compared to same period in previous year,Seasonally and calendar adjusted data,Real labour productivity per person,Germany,2024-01-01,-0.5
Quarterly,Percentage change compared to same period in previous year,Seasonally and calendar adjusted data,Real labour productivity per person,Germany,2024-04-01,-0.5
Quarterly,Percentage change compared to same period in previous year,Seasonally and calendar adjusted data,Real labour productivity per person,Germany,2024-07-01,-0.4
Quarterly,Percentage change compared to same period in previous year,Seasonally and calendar adjusted data,Real labour productivity per person,Germany,2024-10-01,-0.1
Quarterly,Percentage change compared to same period in previous year,Seasonally and calendar adjusted data,Real labour productivity per person,Germany,2025-01-01,0.2
Quarterly,Percentage change compared to same period in previous year,Seasonally and calendar adjusted data,Real labour productivity per person,France,2019-01-01,1.5
Quarterly,Percentage change compared to same period in previous year,Seasonally and calendar adjusted data,Real labour productivity per person,France,2019-04-01,1.7
Quarterly,Percentage change compared to same period in previous year,Seasonally and calendar adjusted data,Real labour productivity per person,France,2019-07-01,1.0
Quarterly,Percentage change compared to same period in previous year,Seasonally and calendar adjusted data,Real labour productivity per person,France,2019-10-01,-0.6
Quarterly,Percentage change compared to same period in previous year,Seasonally and calendar adjusted data,Real labour productivity per person,France,2020-01-01,-6.1
Quarterly,Percentage change compared to same period in previous year,Seasonally and calendar adjusted data,Real labour productivity per person,France,2020-04-01,-15.9
Quarterly,Percentage change compared to same period in previous year,Seasonally and calendar adjusted data,Real labour productivity per person,France,2020-07-01,-4.2
Quarterly,Percentage change compared to same period in previous year,Seasonally and calendar adjusted data,Real labour productivity per person,France,2020-10-01,-4.2
Quarterly,Percentage change compared to same period in previous year,Seasonally and calendar adjusted data,Real labour productivity per person,France,2021-01-01,1.0
Quarterly,Percentage change compared to same period in previous year,Seasonally and calendar adjusted data,Real labour productivity per person,France,2021-04-01,13.2
Quarterly,Percentage change compared to same period in previous year,Seasonally and calendar adjusted data,Real labour productivity per person,France,2021-07-01,1.3
Quarterly,Percentage change compared to same period in previous year,Seasonally and calendar adjusted data,Real labour productivity per person,France,2021-10-01,2.0
Quarterly,Percentage change compared to same period in previous year,Seasonally and calendar adjusted data,Real labour productivity per person,France,2022-01-01,1.3
Quarterly,Percentage change compared to same period in previous year,Seasonally and calendar adjusted data,Real labour productivity per person,France,2022-04-01,0.8
Quarterly,Percentage change compared to same period in previous year,Seasonally and calendar adjusted data,Real labour productivity per person,France,2022-07-01,-0.6
Quarterly,Percentage change compared to same period in previous year,Seasonally and calendar adjusted data,Real labour productivity per person,France,2022-10-01,-0.6
Quarterly,Percentage change compared to same period in previous year,Seasonally and calendar adjusted data,Real labour productivity per person,France,2023-01-01,-0.3
Quarterly,Percentage change compared to same period in previous year,Seasonally and calendar adjusted data,Real labour productivity per person,France,2023-04-01,0.2
Quarterly,Percentage change compared to same period in previous year,Seasonally and calendar adjusted data,Real labour productivity per person,France,2023-07-01,-0.1
Quarterly,Percentage change compared to same period in previous year,Seasonally and calendar adjusted data,Real labour productivity per person,France,2023-10-01,0.4
Quarterly,Percentage change compared to same period in previous year,Seasonally and calendar adjusted data,Real labour productivity per person,France,2024-01-01,0.7
Quarterly,Percentage change compared to same period in previous year,Seasonally and calendar adjusted data,Real labour productivity per person,France,2024-04-01,0.3
Quarterly,Percentage change compared to same period in previous year,Seasonally and calendar adjusted data,Real labour productivity per person,France,2024-07-01,0.8
Quarterly,Percentage change compared to same period in previous year,Seasonally and calendar adjusted data,Real labour productivity per person,France,2024-10-01,0.5
Quarterly,Percentage change compared to same period in previous year,Seasonally and calendar adjusted data,Real labour productivity per person,France,2025-01-01,0.9
Quarterly,Percentage change compared to same period in previous year,Seasonally and calendar adjusted data,Real labour productivity per person,Italy,2019-01-01,-0.1
Quarterly,Percentage change compared to same period in previous year,Seasonally and calendar adjusted data,Real labour productivity per person,Italy,2019-04-01,0.3
Quarterly,Percentage change compared to same period in previous year,Seasonally and calendar adjusted data,Real labour productivity per person,Italy,2019-07-01,-0.3
Quarterly,Percentage change compared to same period in previous year,Seasonally and calendar adjusted data,Real labour productivity per person,Italy,2019-10-01,-0.7
Quarterly,Percentage change compared to same period in previous year,Seasonally and calendar adjusted data,Real labour productivity per person,Italy,2020-01-01,-6.2
Quarterly,Percentage change compared to same period in previous year,Seasonally and calendar adjusted data,Real labour productivity per person,Italy,2020-04-01,-15.0
Quarterly,Percentage change compared to same period in previous year,Seasonally and calendar adjusted data,Real labour productivity per person,Italy,2020-07-01,-3.2
Quarterly,Percentage change compared to same period in previous year,Seasonally and calendar adjusted data,Real labour productivity per person,Italy,2020-10-01,-3.9
Quarterly,Percentage change compared to same period in previous year,Seasonally and calendar adjusted data,Real labour productivity per person,Italy,2021-01-01,4.2
Quarterly,Percentage change compared to same period in previous year,Seasonally and calendar adjusted data,Real labour productivity per person,Italy,2021-04-01,16.8
Quarterly,Percentage change compared to same period in previous year,Seasonally and calendar adjusted data,Real labour productivity per person,Italy,2021-07-01,4.7
Quarterly,Percentage change compared to same period in previous year,Seasonally and calendar adjusted data,Real labour productivity per person,Italy,2021-10-01,6.5
Quarterly,Percentage change compared to same period in previous year,Seasonally and calendar adjusted data,Real labour productivity per person,Italy,2022-01-01,5.0
Quarterly,Percentage change compared to same period in previous year,Seasonally and calendar adjusted data,Real labour productivity per person,Italy,2022-04-01,3.8
Quarterly,Percentage change compared to same period in previous year,Seasonally and calendar adjusted data,Real labour productivity per person,Italy,2022-07-01,2.7
Quarterly,Percentage change compared to same period in previous year,Seasonally and calendar adjusted data,Real labour productivity per person,Italy,2022-10-01,0.6
Quarterly,Percentage change compared to same period in previous year,Seasonally and calendar adjusted data,Real labour productivity per person,Italy,2023-01-01,-0.4
Quarterly,Percentage change compared to same period in previous year,Seasonally and calendar adjusted data,Real labour productivity per person,Italy,2023-04-01,-0.9
Quarterly,Percentage change compared to same period in previous year,Seasonally and calendar adjusted data,Real labour productivity per person,Italy,2023-07-01,-1.6
Quarterly,Percentage change compared to same period in previous year,Seasonally and calendar adjusted data,Real labour productivity per person,Italy,2023-10-01,-1.4
Quarterly,Percentage change compared to same period in previous year,Seasonally and calendar adjusted data,Real labour productivity per person,Italy,2024-01-01,-1.2
Quarterly,Percentage change compared to same period in previous year,Seasonally and calendar adjusted data,Real labour productivity per person,Italy,2024-04-01,-1.1
Quarterly,Percentage change compared to same period in previous year,Seasonally and calendar adjusted data,Real labour productivity per person,Italy,2024-07-01,-1.6
Quarterly,Percentage change compared to same period in previous year,Seasonally and calendar adjusted data,Real labour productivity per person,Italy,2024-10-01,-0.5
Quarterly,Percentage change compared to same period in previous year,Seasonally and calendar adjusted data,Real labour productivity per person,Italy,2025-01-01,
Quarterly,Percentage change compared to same period in previous year,Seasonally and calendar adjusted data,Real labour productivity per hour worked,Euro area – 20 countries (from 2023),2019-01-01,-0.3
Quarterly,Percentage change compared to same period in previous year,Seasonally and calendar adjusted data,Real labour productivity per hour worked,Euro area – 20 countries (from 2023),2019-04-01,0.9
Quarterly,Percentage change compared to same period in previous year,Seasonally and calendar adjusted data,Real labour productivity per hour worked,Euro area – 20 countries (from 2023),2019-07-01,0.9
Quarterly,Percentage change compared to same period in previous year,Seasonally and calendar adjusted data,Real labour productivity per hour worked,Euro area – 20 countries (from 2023),2019-10-01,0.6
Quarterly,Percentage change compared to same period in previous year,Seasonally and calendar adjusted data,Real labour productivity per hour worked,Euro area – 20 countries (from 2023),2020-01-01,1.5
Quarterly,Percentage change compared to same period in previous year,Seasonally and calendar adjusted data,Real labour productivity per hour worked,Euro area – 20 countries (from 2023),2020-04-01,3.6
Quarterly,Percentage change compared to same period in previous year,Seasonally and calendar adjusted data,Real labour productivity per hour worked,Euro area – 20 countries (from 2023),2020-07-01,1.6
Quarterly,Percentage change compared to same period in previous year,Seasonally and calendar adjusted data,Real labour productivity per hour worked,Euro area – 20 countries (from 2023),2020-10-01,2.4
Quarterly,Percentage change compared to same period in previous year,Seasonally and calendar adjusted data,Real labour productivity per hour worked,Euro area – 20 countries (from 2023),2021-01-01,1.9
Quarterly,Percentage change compared to same period in previous year,Seasonally and calendar adjusted data,Real labour productivity per hour worked,Euro area – 20 countries (from 2023),2021-04-01,-1.8
Quarterly,Percentage change compared to same period in previous year,Seasonally and calendar adjusted data,Real labour productivity per hour worked,Euro area – 20 countries (from 2023),2021-07-01,0.8
Quarterly,Percentage change compared to same period in previous year,Seasonally and calendar adjusted data,Real labour productivity per hour worked,Euro area – 20 countries (from 2023),2021-10-01,0.0
Quarterly,Percentage change compared to same period in previous year,Seasonally and calendar adjusted data,Real labour productivity per hour worked,Euro area – 20 countries (from 2023),2022-01-01,-1.0
Quarterly,Percentage change compared to same period in previous year,Seasonally and calendar adjusted data,Real labour productivity per hour worked,Euro area – 20 countries (from 2023),2022-04-01,0.3
Quarterly,Percentage change compared to same period in previous year,Seasonally and calendar adjusted data,Real labour productivity per hour worked,Euro area – 20 countries (from 2023),2022-07-01,0.3
Quarterly,Percentage change compared to same period in previous year,Seasonally and calendar adjusted data,Real labour productivity per hour worked,Euro area – 20 countries (from 2023),2022-10-01,-0.3
Quarterly,Percentage change compared to same period in previous year,Seasonally and calendar adjusted data,Real labour productivity per hour worked,Euro area – 20 countries (from 2023),2023-01-01,-0.6
Quarterly,Percentage change compared to same period in previous year,Seasonally and calendar adjusted data,Real labour productivity per hour worked,Euro area – 20 countries (from 2023),2023-04-01,-1.0
Quarterly,Percentage change compared to same period in previous year,Seasonally and calendar adjusted data,Real labour productivity per hour worked,Euro area – 20 countries (from 2023),2023-07-01,-1.6
Quarterly,Percentage change compared to same period in previous year,Seasonally and calendar adjusted data,Real labour productivity per hour worked,Euro area – 20 countries (from 2023),2023-10-01,-1.2
Quarterly,Percentage change compared to same period in previous year,Seasonally and calendar adjusted data,Real labour productivity per hour worked,Euro area – 20 countries (from 2023),2024-01-01,-0.3
Quarterly,Percentage change compared to same period in previous year,Seasonally and calendar adjusted data,Real labour productivity per hour worked,Euro area – 20 countries (from 2023),2024-04-01,-0.3
Quarterly,Percentage change compared to same period in previous year,Seasonally and calendar adjusted data,Real labour productivity per hour worked,Euro area – 20 countries (from 2023),2024-07-01,0.4
Quarterly,Percentage change compared to same period in previous year,Seasonally and calendar adjusted data,Real labour productivity per hour worked,Euro area – 20 countries (from 2023),2024-10-01,0.1
Quarterly,Percentage change compared to same period in previous year,Seasonally and calendar adjusted data,Real labour productivity per hour worked,Euro area – 20 countries (from 2023),2025-01-01,
Quarterly,Percentage change compared to same period in previous year,Seasonally and calendar adjusted data,Real labour productivity per hour worked,Germany,2019-01-01,-0.2
Quarterly,Percentage change compared to same period in previous year,Seasonally and calendar adjusted data,Real labour productivity per hour worked,Germany,2019-04-01,0.9
Quarterly,Percentage change compared to same period in previous year,Seasonally and calendar adjusted data,Real labour productivity per hour worked,Germany,2019-07-01,0.9
Quarterly,Percentage change compared to same period in previous year,Seasonally and calendar adjusted data,Real labour productivity per hour worked,Germany,2019-10-01,1.5
Quarterly,Percentage change compared to same period in previous year,Seasonally and calendar adjusted data,Real labour productivity per hour worked,Germany,2020-01-01,0.3
Quarterly,Percentage change compared to same period in previous year,Seasonally and calendar adjusted data,Real labour productivity per hour worked,Germany,2020-04-01,-3.1
Quarterly,Percentage change compared to same period in previous year,Seasonally and calendar adjusted data,Real labour productivity per hour worked,Germany,2020-07-01,4.3
Quarterly,Percentage change compared to same period in previous year,Seasonally and calendar adjusted data,Real labour productivity per hour worked,Germany,2020-10-01,2.6
Quarterly,Percentage change compared to same period in previous year,Seasonally and calendar adjusted data,Real labour productivity per hour worked,Germany,2021-01-01,1.3
Quarterly,Percentage change compared to same period in previous year,Seasonally and calendar adjusted data,Real labour productivity per hour worked,Germany,2021-04-01,4.6
Quarterly,Percentage change compared to same period in previous year,Seasonally and calendar adjusted data,Real labour productivity per hour worked,Germany,2021-07-01,-0.2
Quarterly,Percentage change compared to same period in previous year,Seasonally and calendar adjusted data,Real labour productivity per hour worked,Germany,2021-10-01,-0.1
Quarterly,Percentage change compared to same period in previous year,Seasonally and calendar adjusted data,Real labour productivity per hour worked,Germany,2022-01-01,0.8
Quarterly,Percentage change compared to same period in previous year,Seasonally and calendar adjusted data,Real labour productivity per hour worked,Germany,2022-04-01,0.5
Quarterly,Percentage change compared to same period in previous year,Seasonally and calendar adjusted data,Real labour productivity per hour worked,Germany,2022-07-01,-0.9
Quarterly,Percentage change compared to same period in previous year,Seasonally and calendar adjusted data,Real labour productivity per hour worked,Germany,2022-10-01,-0.3
Quarterly,Percentage change compared to same period in previous year,Seasonally and calendar adjusted data,Real labour productivity per hour worked,Germany,2023-01-01,-0.2
Quarterly,Percentage change compared to same period in previous year,Seasonally and calendar adjusted data,Real labour productivity per hour worked,Germany,2023-04-01,-1.0
Quarterly,Percentage change compared to same period in previous year,Seasonally and calendar adjusted data,Real labour productivity per hour worked,Germany,2023-07-01,-1.1
Quarterly,Percentage change compared to same period in previous year,Seasonally and calendar adjusted data,Real labour productivity per hour worked,Germany,2023-10-01,-0.6
Quarterly,Percentage change compared to same period in previous year,Seasonally and calendar adjusted data,Real labour productivity per hour worked,Germany,2024-01-01,0.3
Quarterly,Percentage change compared to same period in previous year,Seasonally and calendar adjusted data,Real labour productivity per hour worked,Germany,2024-04-01,0.5
Quarterly,Percentage change compared to same period in previous year,Seasonally and calendar adjusted data,Real labour productivity per hour worked,Germany,2024-07-01,-0.1
Quarterly,Percentage change compared to same period in previous year,Seasonally and calendar adjusted data,Real labour productivity per hour worked,Germany,2024-10-01,-0.9
Quarterly,Percentage change compared to same period in previous year,Seasonally and calendar adjusted data,Real labour productivity per hour worked,Germany,2025-01-01,-0.4
Quarterly,Percentage change compared to same period in previous year,Seasonally and calendar adjusted data,Real labour productivity per hour worked,France,2019-01-01,0.7
Quarterly,Percentage change compared to same period in previous year,Seasonally and calendar adjusted data,Real labour productivity per hour worked,France,2019-04-01,0.8
Quarterly,Percentage change compared to same period in previous year,Seasonally and calendar adjusted data,Real labour productivity per hour worked,France,2019-07-01,0.4
Quarterly,Percentage change compared to same period in previous year,Seasonally and calendar adjusted data,Real labour productivity per hour worked,France,2019-10-01,-0.8
Quarterly,Percentage change compared to same period in previous year,Seasonally and calendar adjusted data,Real labour productivity per hour worked,France,2020-01-01,-2.4
Quarterly,Percentage change compared to same period in previous year,Seasonally and calendar adjusted data,Real labour productivity per hour worked,France,2020-04-01,4.7
Quarterly,Percentage change compared to same period in previous year,Seasonally and calendar adjusted data,Real labour productivity per hour worked,France,2020-07-01,-0.6
Quarterly,Percentage change compared to same period in previous year,Seasonally and calendar adjusted data,Real labour productivity per hour worked,France,2020-10-01,2.1
Quarterly,Percentage change compared to same period in previous year,Seasonally and calendar adjusted data,Real labour productivity per hour worked,France,2021-01-01,3.0
Quarterly,Percentage change compared to same period in previous year,Seasonally and calendar adjusted data,Real labour productivity per hour worked,France,2021-04-01,-4.2
Quarterly,Percentage change compared to same period in previous year,Seasonally and calendar adjusted data,Real labour productivity per hour worked,France,2021-07-01,-1.0
Quarterly,Percentage change compared to same period in previous year,Seasonally and calendar adjusted data,Real labour productivity per hour worked,France,2021-10-01,-3.3
Quarterly,Percentage change compared to same period in previous year,Seasonally and calendar adjusted data,Real labour productivity per hour worked,France,2022-01-01,-2.3
Quarterly,Percentage change compared to same period in previous year,Seasonally and calendar adjusted data,Real labour productivity per hour worked,France,2022-04-01,-2.8
Quarterly,Percentage change compared to same period in previous year,Seasonally and calendar adjusted data,Real labour productivity per hour worked,France,2022-07-01,-0.5
Quarterly,Percentage change compared to same period in previous year,Seasonally and calendar adjusted data,Real labour productivity per hour worked,France,2022-10-01,-0.5
Quarterly,Percentage change compared to same period in previous year,Seasonally and calendar adjusted data,Real labour productivity per hour worked,France,2023-01-01,-1.5
Quarterly,Percentage change compared to same period in previous year,Seasonally and calendar adjusted data,Real labour productivity per hour worked,France,2023-04-01,-0.4
Quarterly,Percentage change compared to same period in previous year,Seasonally and calendar adjusted data,Real labour productivity per hour worked,France,2023-07-01,-0.7
Quarterly,Percentage change compared to same period in previous year,Seasonally and calendar adjusted data,Real labour productivity per hour worked,France,2023-10-01,-0.1
Quarterly,Percentage change compared to same period in previous year,Seasonally and calendar adjusted data,Real labour productivity per hour worked,France,2024-01-01,0.6
Quarterly,Percentage change compared to same period in previous year,Seasonally and calendar adjusted data,Real labour productivity per hour worked,France,2024-04-01,0.5
Quarterly,Percentage change compared to same period in previous year,Seasonally and calendar adjusted data,Real labour productivity per hour worked,France,2024-07-01,0.9
Quarterly,Percentage change compared to same period in previous year,Seasonally and calendar adjusted data,Real labour productivity per hour worked,France,2024-10-01,0.9
Quarterly,Percentage change compared to same period in previous year,Seasonally and calendar adjusted data,Real labour productivity per hour worked,France,2025-01-01,
Quarterly,Percentage change compared to same period in previous year,Seasonally and calendar adjusted data,Real labour productivity per hour worked,Italy,2019-01-01,-0.8
Quarterly,Percentage change compared to same period in previous year,Seasonally and calendar adjusted data,Real labour productivity per hour worked,Italy,2019-04-01,1.3
Quarterly,Percentage change compared to same period in previous year,Seasonally and calendar adjusted data,Real labour productivity per hour worked,Italy,2019-07-01,0.7
Quarterly,Percentage change compared to same period in previous year,Seasonally and calendar adjusted data,Real labour productivity per hour worked,Italy,2019-10-01,0.3
Quarterly,Percentage change compared to same period in previous year,Seasonally and calendar adjusted data,Real labour productivity per hour worked,Italy,2020-01-01,3.4
Quarterly,Percentage change compared to same period in previous year,Seasonally and calendar adjusted data,Real labour productivity per hour worked,Italy,2020-04-01,6.5
Quarterly,Percentage change compared to same period in previous year,Seasonally and calendar adjusted data,Real labour productivity per hour worked,Italy,2020-07-01,1.6
Quarterly,Percentage change compared to same period in previous year,Seasonally and calendar adjusted data,Real labour productivity per hour worked,Italy,2020-10-01,2.2
Quarterly,Percentage change compared to same period in previous year,Seasonally and calendar adjusted data,Real labour productivity per hour worked,Italy,2021-01-01,0.1
Quarterly,Percentage change compared to same period in previous year,Seasonally and calendar adjusted data,Real labour productivity per hour worked,Italy,2021-04-01,-4.4
Quarterly,Percentage change compared to same period in previous year,Seasonally and calendar adjusted data,Real labour productivity per hour worked,Italy,2021-07-01,-0.5
Quarterly,Percentage change compared to same period in previous year,Seasonally and calendar adjusted data,Real labour productivity per hour worked,Italy,2021-10-01,-0.2
Quarterly,Percentage change compared to same period in previous year,Seasonally and calendar adjusted data,Real labour productivity per hour worked,Italy,2022-01-01,-0.5
Quarterly,Percentage change compared to same period in previous year,Seasonally and calendar adjusted data,Real labour productivity per hour worked,Italy,2022-04-01,0.2
Quarterly,Percentage change compared to same period in previous year,Seasonally and calendar adjusted data,Real labour productivity per hour worked,Italy,2022-07-01,1.9
Quarterly,Percentage change compared to same period in previous year,Seasonally and calendar adjusted data,Real labour productivity per hour worked,Italy,2022-10-01,-0.6
Quarterly,Percentage change compared to same period in previous year,Seasonally and calendar adjusted data,Real labour productivity per hour worked,Italy,2023-01-01,-1.2
Quarterly,Percentage change compared to same period in previous year,Seasonally and calendar adjusted data,Real labour productivity per hour worked,Italy,2023-04-01,-1.6
Quarterly,Percentage change compared to same period in previous year,Seasonally and calendar adjusted data,Real labour productivity per hour worked,Italy,2023-07-01,-2.7
Quarterly,Percentage change compared to same period in previous year,Seasonally and calendar adjusted data,Real labour productivity per hour worked,Italy,2023-10-01,-2.3
Quarterly,Percentage change compared to same period in previous year,Seasonally and calendar adjusted data,Real labour productivity per hour worked,Italy,2024-01-01,-2.1
Quarterly,Percentage change compared to same period in previous year,Seasonally and calendar adjusted data,Real labour productivity per hour worked,Italy,2024-04-01,-1.3
Quarterly,Percentage change compared to same period in previous year,Seasonally and calendar adjusted data,Real labour productivity per hour worked,Italy,2024-07-01,-0.8
Quarterly,Percentage change compared to same period in previous year,Seasonally and calendar adjusted data,Real labour productivity per hour worked,Italy,2024-10-01,0.1
Quarterly,Percentage change compared to same period in previous year,Seasonally and calendar adjusted data,Real labour productivity per hour worked,Italy,2025-01-01,
